,windSpeed,MassInVessel,density,volume,radius,VelocityOfExpansion,finalRadius
0,5,100,4.812225376189846,13.341021041460726,1.8537172236706227,430.52942899215816,8.61041955076593
1,5,200,4.812225376189846,26.682042082921452,2.3355373506553003,430.52942899215816,12.174551447688629
2,5,300,4.812225376189846,40.023063124382176,2.6735228693103976,430.52942899215816,13.474016099248109
3,5,400,4.812225376189846,53.364084165842904,2.9425926709063166,430.52942899215816,14.47933720522759
4,5,500,4.812225376189846,66.70510520730363,3.1698118644170714,430.52942899215816,15.310539196270007
5,5,600,4.812225376189846,80.04612624876435,3.3684277404195098,430.52942899215816,16.025009494250344
6,5,700,4.812225376189846,93.38714729022509,3.5460334812017935,430.52942899215816,16.655058708458387
7,5,800,4.812225376189846,106.72816833168581,3.707434447341245,430.52942899215816,17.220839101531855
8,5,900,4.812225376189846,120.06918937314654,3.855887209469951,430.52942899215816,17.735840667691996
9,5,1000,4.812225376189846,133.41021041460726,3.993712692185582,430.52942899215816,18.209575466805813
10,5,1100,4.812225376189846,146.75123145606798,4.122630198988891,430.52942899215816,18.64902370006746
11,5,1200,4.812225376189846,160.0922524975287,4.243953015204364,430.52942899215816,19.059472273734208
12,5,1300,4.812225376189846,173.43327353898945,4.358709609242153,430.52942899215816,19.44502989168465
13,5,1400,4.812225376189846,186.77429458045017,4.467722226598136,430.52942899215816,19.808958459146773
14,5,1500,4.812225376189846,200.1153156219109,4.571659799410846,430.52942899215816,22.299028051244196
15,5,1600,4.812225376189846,213.45633666337162,4.671074701310601,430.52942899215816,22.661950458539806
16,5,1700,4.812225376189846,226.79735770483236,4.766428971510367,430.52942899215816,23.008246470708162
17,5,1800,4.812225376189846,240.13837874629309,4.858113461231593,430.52942899215816,23.33959218855258
18,5,1900,4.812225376189846,253.47939978775378,4.946462095906956,430.52942899215816,23.65741256612362
19,5,2000,4.812225376189846,266.8204208292145,5.031762688116939,430.52942899215816,23.962930089549452
20,5,2100,4.812225376189846,280.1614418706753,5.114265264558971,430.52942899215816,24.257202088993154
21,5,2200,4.812225376189846,293.50246291213597,5.194188568638394,430.52942899215816,24.541149746937833
22,5,2300,4.812225376189846,306.8434839535967,5.271725202379002,430.52942899215816,24.815580940139537
23,5,2400,4.812225376189846,320.1845049950574,5.347045738620795,430.52942899215816,25.08120843431763
24,5,2500,4.812225376189846,333.52552603651816,5.420302043643607,430.52942899215816,25.3386645293222
25,5,2600,4.812225376189846,346.8665470779789,5.491629987063246,430.52942899215816,25.588512960086074
26,5,2700,4.812225376189846,360.2075681194396,5.561151671011868,430.52942899215816,25.831258652297784
27,5,2800,4.812225376189846,373.54858916090035,5.628977278374184,430.52942899215816,26.06735578386823
28,5,2900,4.812225376189846,386.88961020236104,5.695206616346909,430.52942899215816,26.297214495838666
29,5,3000,4.812225376189846,400.2306312438218,5.759930414235899,430.52942899215816,26.52120651732922
30,5,3100,4.812225376189846,413.57165228528254,5.823231421443582,430.52942899215816,26.73966991026983
31,5,3200,4.812225376189846,426.91267332674323,5.885185341812633,430.52942899215816,26.95291309535234
32,5,3300,4.812225376189846,440.2536943682039,5.945861633028074,430.52942899215816,27.16121828695476
33,5,3400,4.812225376189846,453.59471540966473,6.0053241940346815,430.52942899215816,27.364844438931044
34,5,3500,4.812225376189846,466.9357364511254,6.0636319589653,430.52942899215816,27.564029783136647
35,5,3600,4.812225376189846,480.27675749258617,6.120839412583325,430.52942899215816,27.758994026927386
36,5,3700,4.812225376189846,493.61777853404686,6.176997039487718,430.52942899215816,27.94994026356948
37,5,3800,4.812225376189846,506.95879957550756,6.232151717140287,430.52942899215816,28.137056639751442
38,5,3900,4.812225376189846,520.2998206169683,6.286347061024267,430.52942899215816,28.32051781661085
39,5,4000,4.812225376189846,533.640841658429,6.339623728834143,430.52942899215816,28.500486254443505
40,5,4100,4.812225376189846,546.9818626998898,6.39201968945545,430.52942899215816,28.67711334621623
41,5,4200,4.812225376189846,560.3228837413506,6.443570461564019,430.52942899215816,28.85054042090429
42,5,4300,4.812225376189846,573.6639047828112,6.494309325913123,430.52942899215816,29.02089963432432
43,5,4400,4.812225376189846,587.0049258242719,6.544267514750834,430.52942899215816,29.1883147623825
44,5,4500,4.812225376189846,600.3459468657327,6.593474381291946,430.52942899215816,29.352901909387285
45,5,4600,4.812225376189846,613.6869679071934,6.641957551738615,430.52942899215816,29.514770142193456
46,5,4700,4.812225376189846,627.0279889486542,6.689743061984837,430.52942899215816,29.67402205937667
47,5,4800,4.812225376189846,640.3690099901148,6.7368554808390195,430.52942899215816,29.8307543033263
48,5,4900,4.812225376189846,653.7100310315756,6.783318021345839,430.52942899215816,29.98505802204354
49,5,5000,4.812225376189846,667.0510520730363,6.8291526415747805,430.52942899215816,32.37899663829764
50,5,5100,4.812225376189846,680.3920731144971,6.874380136061609,430.52942899215816,32.5397979937106
51,5,5200,4.812225376189846,693.7330941559578,6.919020218934894,430.52942899215816,32.698252922379865
52,5,5300,4.812225376189846,707.0741151974185,6.963091599628196,430.52942899215816,32.85443982401054
53,5,5400,4.812225376189846,720.4151362388792,7.0066120519659005,430.52942899215816,33.008433058660955
54,5,5500,4.812225376189846,733.75615728034,7.049598477313969,430.52942899215816,33.160303225376225
55,5,5600,4.812225376189846,747.0971783218007,7.092066962403587,430.52942899215816,33.310117416916775
56,5,5700,4.812225376189846,760.4381993632614,7.1340328323636895,430.52942899215816,33.4579394530205
57,5,5800,4.812225376189846,773.7792204047221,7.175510699436026,430.52942899215816,33.603830094350414
58,5,5900,4.812225376189846,787.1202414461828,7.216514507792265,430.52942899215816,33.74784723903052
59,5,6000,4.812225376189846,800.4612624876436,7.257057574825505,430.52942899215816,33.89004610345655
60,5,6100,4.812225376189846,813.8022835291043,7.297152629247387,430.52942899215816,34.03047938887935
61,5,6200,4.812225376189846,827.1433045705651,7.336811846286013,430.52942899215816,34.169197435094205
62,5,6300,4.812225376189846,840.4843256120257,7.376046880248278,430.52942899215816,34.306248362424725
63,5,6400,4.812225376189846,853.8253466534865,7.41486889468249,430.52942899215816,34.44167820306371
64,5,6500,4.812225376189846,867.1663676949472,7.453288590352666,430.52942899215816,34.57553102272163
65,5,6600,4.812225376189846,880.5073887364078,7.491316231214376,430.52942899215816,34.70784903343539
66,5,6700,4.812225376189846,893.8484097778687,7.528961668562856,430.52942899215816,34.838672698303256
67,5,6800,4.812225376189846,907.1894308193295,7.566234363507259,430.52942899215816,34.96804082883514
68,5,6900,4.812225376189846,920.5304518607901,7.603143407909852,430.52942899215816,35.09599067553918
69,5,7000,4.812225376189846,933.8714729022508,7.639697543915667,430.52942899215816,35.222558012305484
70,5,7100,4.812225376189846,947.2124939437115,7.675905182186167,430.52942899215816,35.34777721509379
71,5,7200,4.812225376189846,960.5535149851723,7.711774418939901,430.52942899215816,35.47168133538399
72,5,7300,4.812225376189846,973.8945360266331,7.747313051893628,430.52942899215816,35.594302168805584
73,5,7400,4.812225376189846,987.2355570680937,7.7825285951888885,430.52942899215816,35.71567031932409
74,5,7500,4.812225376189846,1000.5765781095545,7.817428293381361,430.52942899215816,35.83581525932777
75,5,7600,4.812225376189846,1013.9175991510151,7.852019134563526,430.52942899215816,35.95476538592745
76,5,7700,4.812225376189846,1027.258620192476,7.88630786268499,430.52942899215816,36.07254807375474
77,5,7800,4.812225376189846,1040.5996412339366,7.920300989129244,430.52942899215816,36.18918972451863
78,5,7900,4.812225376189846,1053.9406622753975,7.954004803600689,430.52942899215816,36.304715813558616
79,5,8000,4.812225376189846,1067.281683316858,7.987425384371163,430.52942899215816,36.419150933611625
80,5,8100,4.812225376189846,1080.6227043583187,8.020568607931192,430.52942899215816,36.53251883599237
81,5,8200,4.812225376189846,1093.9637253997796,8.053440158087412,430.52942899215816,36.64484246936971
82,5,8300,4.812225376189846,1107.3047464412402,8.08604553454431,430.52942899215816,36.756144016306976
83,5,8400,4.812225376189846,1120.645767482701,8.118390061005332,430.52942899215816,36.86644492772034
84,5,8500,4.812225376189846,1133.9867885241617,8.150478892825674,430.52942899215816,36.975765955397286
85,5,8600,4.812225376189846,1147.3278095656224,8.182317024246528,430.52942899215816,37.08412718270576
86,5,8700,4.812225376189846,1160.6688306070832,8.213909295238238,430.52942899215816,37.191548053614355
87,5,8800,4.812225376189846,1174.0098516485439,8.245260397977782,430.52942899215816,37.29804740013492
88,5,8900,4.812225376189846,1187.3508726900047,8.276374882983998,430.52942899215816,37.40364346829003
89,5,9000,4.812225376189846,1200.6918937314654,8.307257164932297,430.52942899215816,37.50835394270031
90,5,9100,4.812225376189846,1214.032914772926,8.33791152816897,430.52942899215816,37.61219596987947
91,5,9200,4.812225376189846,1227.3739358143869,8.368342131943697,430.52942899215816,37.715186180318284
92,5,9300,4.812225376189846,1240.7149568558475,8.398553015377605,430.52942899215816,37.817340709433
93,5,9400,4.812225376189846,1254.0559778973084,8.42854810218288,430.52942899215816,37.918675217448
94,5,9500,4.812225376189846,1267.396998938769,8.458331205148895,430.52942899215816,38.019204908277764
95,5,9600,4.812225376189846,1280.7380199802296,8.487906030408729,430.52942899215816,38.118944547468416
96,5,9700,4.812225376189846,1294.0790410216905,8.517276181498966,430.52942899215816,38.217908479254895
97,5,9800,4.812225376189846,1307.4200620631511,8.546445163224863,430.52942899215816,38.316110642786164
98,5,9900,4.812225376189846,1320.761083104612,8.575416385342045,430.52942899215816,38.413564587566825
